model_name,criterion,optimizer,learning_rate,num_epochs,input_size,hidden_layers,qtd_hidden_layers,activation_function,accuracy,average_loss
MLP,CrossEntropyLoss,Adam,0.001,50,16,[15],1,ReLU,0.803892765332354,0.9095253348350525
MLP,CrossEntropyLoss,Adam,0.001,50,16,[20],1,ReLU,0.8108703635695924,0.884392112493515
MLP,CrossEntropyLoss,Adam,0.01,50,16,[15],1,ReLU,0.9140653690782226,0.24179115891456604
MLP,CrossEntropyLoss,Adam,0.01,50,16,[20],1,ReLU,0.9177377892030848,0.23873931914567947
MLP,CrossEntropyLoss,Adam,0.001,100,16,[15],1,ReLU,0.8718325376423063,0.5609740912914276
MLP,CrossEntropyLoss,Adam,0.001,100,16,[20],1,ReLU,0.8802791039294895,0.4730004370212555
MLP,CrossEntropyLoss,Adam,0.01,100,16,[15],1,ReLU,0.9140653690782226,0.2347622662782669
MLP,CrossEntropyLoss,Adam,0.01,100,16,[20],1,ReLU,0.9144326110907087,0.22530447691679
